employee_id,age,department,years_experience,salary,satisfaction_score
1,57,engineering,19,78878.8,5.9
2,45,marketing,24,70463.88,2.8
3,47,sales,13,71335.19,3.8
4,56,support,19,75977.47,7.4
5,43,support,6,102212.93,7.9
6,51,engineering,18,85002.38,1.5
7,53,sales,7,73947.72,7.6
8,30,support,5,64570.94,8.4
9,24,engineering,22,63570.03,5.0
10,33,marketing,17,103848.69,1.6
11,32,support,11,84120.37,7.1
12,55,engineering,1,76215.91,3.2
13,56,sales,7,68768.73,6.8
14,22,support,24,55037.04,4.4
15,40,engineering,14,73796.49,6.7
16,53,support,28,90725.84,3.3
17,26,marketing,27,67934.33,
18,52,engineering,25,70909.63,5.7
19,26,marketing,0,71021.38,6.7
20,39,support,1,76972.7,2.8
21,53,support,17,46325.8,9.7
22,33,marketing,10,,3.6
23,34,marketing,25,59620.88,3.8
24,32,marketing,9,90922.53,3.3
25,49,marketing,4,61129.22,1.6
26,31,sales,3,85386.84,4.8
27,59,engineering,9,102439.87,7.9
28,38,marketing,18,69355.27,7.4
29,40,engineering,3,64171.63,2.8
30,41,sales,23,78445.78,2.2
31,44,support,9,74963.48,3.9
32,43,marketing,9,57114.91,7.9
33,41,support,19,83296.55,5.4
34,59,marketing,25,111279.29,9.3
35,52,support,13,70353.98,6.9
36,52,sales,23,71348.23,6.6
37,48,marketing,9,56191.22,7.9
38,45,engineering,3,80743.59,7.8
39,34,marketing,24,52554.43,4.1
40,59,marketing,23,55075.24,3.3
41,39,marketing,22,,4.9
42,30,sales,26,58701.84,5.4
43,54,marketing,14,94464.44,2.3
44,28,support,5,102438.44,5.0
45,54,engineering,17,79667.88,6.8
46,45,marketing,17,84961.05,2.2
47,26,marketing,11,110140.52,
48,23,support,19,71458.89,2.6
49,38,sales,7,64325.9,3.5
50,23,support,18,50641.84,9.7
51,27,sales,23,75750.73,1.2
52,41,sales,2,101624.6,2.7
53,58,sales,13,92272.72,2.5
54,39,sales,19,58042.36,5.3
55,52,marketing,1,59603.24,1.1
56,56,engineering,18,65924.92,5.1
57,53,sales,27,,2.5
58,45,sales,24,71304.39,
59,38,engineering,20,78860.17,8.1
60,41,engineering,24,80341.31,2.7
61,32,engineering,10,69622.08,6.6
62,40,marketing,9,74276.87,4.7
63,36,marketing,2,78718.66,4.8
64,31,support,21,73488.55,8.4
65,59,marketing,9,84063.38,2.4
66,22,engineering,26,108675.76,9.3
67,25,sales,13,85655.5,9.0
68,29,engineering,26,76004.59,7.0
69,58,sales,4,44649.86,1.4
70,48,marketing,4,81983.23,7.0
71,55,sales,10,39959.79,6.4
72,29,engineering,0,49637.39,7.9
73,49,sales,14,90383.51,2.9
74,36,marketing,19,87712.23,9.6
75,40,sales,19,72301.1,9.0
76,22,support,6,44219.8,2.0
77,45,marketing,4,68315.73,3.8
78,53,support,16,62782.71,1.3
79,47,marketing,18,86463.13,8.5
80,27,marketing,28,115639.15,9.2
81,42,marketing,26,78904.75,9.9
82,32,support,11,60972.4,6.5
83,58,support,4,53930.07,7.0
84,55,support,7,73990.3,7.1
85,29,marketing,26,,6.1
86,41,engineering,13,54272.66,9.6
87,57,marketing,29,77094.39,6.5
88,54,marketing,19,54283.56,4.0
89,48,engineering,17,95017.93,5.6
90,46,engineering,3,94127.71,1.2
91,23,support,17,94525.52,7.5
92,50,marketing,11,66467.09,7.2
93,39,sales,25,84261.37,4.8
94,25,sales,4,72622.75,8.7
95,31,sales,5,68001.38,7.8
96,42,engineering,19,68895.38,4.0
97,49,sales,20,51605.13,1.7
98,41,support,24,49010.45,2.2
99,45,support,15,89297.67,2.7
100,55,marketing,11,71557.76,3.7
101,48,support,9,78895.65,5.0
102,35,engineering,11,93030.79,9.4
103,46,marketing,19,43803.62,3.5
104,44,marketing,16,60885.66,9.1
105,26,support,8,78156.03,7.1
106,24,support,6,82057.71,
107,47,engineering,21,68212.66,4.6
108,36,support,7,93525.23,1.0
109,44,sales,6,78787.11,8.1
110,34,support,9,53159.12,3.2
111,30,marketing,25,58246.25,2.3
112,27,marketing,13,89498.48,8.2
113,36,engineering,17,83348.97,7.2
114,53,engineering,2,40816.9,2.9
115,37,support,10,99258.82,3.4
116,36,engineering,22,85764.49,9.5
117,43,support,23,99180.17,3.4
118,59,sales,17,68093.38,7.3
119,36,sales,26,69677.29,2.2
120,44,sales,8,54723.77,8.3
121,38,engineering,4,120664.73,2.1
122,44,sales,2,71841.82,5.6
123,38,engineering,5,103575.6,1.3
124,46,marketing,22,63348.74,6.0
125,42,marketing,27,77949.14,8.6
126,47,marketing,3,44915.66,1.8
127,58,support,15,68108.39,3.5
128,27,sales,3,92707.59,7.9
129,43,support,25,52468.61,6.5
130,38,support,3,94300.1,
131,35,marketing,19,81070.28,6.7
132,31,engineering,2,56208.88,5.1
133,23,sales,22,65971.25,
134,37,support,27,,3.6
135,53,engineering,21,74108.65,7.8
136,25,support,8,65349.41,6.7
137,37,engineering,25,60108.82,7.7
138,58,engineering,9,69517.42,4.4
139,58,sales,22,56515.98,7.5
140,30,marketing,24,51788.52,7.3
141,22,marketing,14,74132.82,4.5
142,47,engineering,18,90891.74,1.2
143,22,sales,25,47471.31,9.7
144,33,support,5,75063.15,7.4
145,40,engineering,0,63300.79,2.8
146,55,support,13,57411.38,7.6
147,25,sales,5,90361.88,3.5
148,47,sales,26,65672.95,5.2
149,42,support,26,101969.43,8.7
150,27,sales,11,60962.89,5.0
151,54,support,9,81957.04,3.6
152,54,engineering,21,70908.91,3.7
153,40,sales,13,,1.7
154,57,marketing,2,85578.15,3.0
155,45,support,19,72210.31,3.4
156,56,marketing,21,85857.79,2.6
157,58,marketing,2,74148.75,1.6
158,43,support,23,55455.31,5.2
159,32,marketing,16,,2.9
160,27,sales,24,,7.6
161,43,marketing,25,92252.33,9.3
162,29,marketing,20,58687.16,3.5
163,50,support,10,74292.06,6.2
164,57,marketing,11,44006.18,5.6
165,31,support,21,86726.88,1.7
166,42,marketing,1,,2.1
167,23,marketing,6,42485.53,9.0
168,28,support,15,73934.1,5.3
169,36,marketing,28,94902.33,8.2
170,55,marketing,22,47559.95,1.6
171,58,engineering,24,,6.4
172,46,sales,5,61621.05,8.8
173,44,sales,8,54669.06,8.8
174,43,sales,7,81829.7,1.1
175,24,engineering,22,60467.39,5.7
176,36,sales,16,62012.73,4.3
177,59,engineering,6,85499.5,7.8
178,37,engineering,22,,1.7
179,30,support,19,82790.04,3.4
180,31,sales,26,,8.3
181,49,marketing,16,53181.51,5.2
182,23,sales,3,41961.91,5.1
183,58,marketing,26,108501.65,9.7
184,55,support,5,69235.34,3.9
185,43,sales,1,79390.8,1.4
186,39,sales,23,74441.11,4.5
187,50,engineering,13,77879.31,2.4
188,42,support,19,75894.36,1.7
189,40,sales,3,109347.91,6.1
190,34,sales,21,56299.32,
191,38,sales,12,46965.68,6.2
192,50,support,29,56784.73,6.8
193,24,sales,19,50975.24,3.9
194,22,sales,28,88445.32,6.1
195,49,engineering,23,89766.81,7.8
196,36,engineering,25,57696.32,6.3
197,52,support,2,49972.16,8.2
198,23,marketing,23,68613.66,6.0
199,56,marketing,18,100040.23,2.8
200,26,support,11,,6.2
